airport,Airport Name,MinRWYlength,Taxi_In,Taxi_In fuel,taxi_in_seconds
BIKF,KEFLAVIK,10020.0,7.2774506408,87.33,436.647038448
BIKF,KEFLAVIK,10056.0,7.2774506408,87.33,436.647038448
BKPR,PRISTINA,9974.0,5.5404515522,66.49,332.42709313200004
CYFB,,8605.0,4.0,48.0,240.0
CYHZ,,10500.0,4.0,48.0,240.0
CYHZ,,7700.0,4.0,48.0,240.0
CYUL,MONTREAL/DORVAL,11000.0,9.0482041588,108.58,542.8922495280001
CYUL,MONTREAL/DORVAL,9600.0,9.0482041588,108.58,542.8922495280001
CYUL,MONTREAL/DORVAL,7000.0,9.0482041588,108.58,542.8922495280001
CYVR,VANCOUVER INTL,9940.0,6.8583638584,82.3,411.501831504
CYVR,VANCOUVER INTL,11500.0,6.8583638584,82.3,411.501831504
CYVR,VANCOUVER INTL,7300.0,6.8583638584,82.3,411.501831504
CYVR,VANCOUVER INTL,3500.0,6.8583638584,82.3,411.501831504
CYYC,CALGARY INTL,6200.0,5.6301369863,67.56,337.808219178
CYYC,CALGARY INTL,8000.0,5.6301369863,67.56,337.808219178
CYYC,CALGARY INTL,14000.0,5.6301369863,67.56,337.808219178
CYYC,CALGARY INTL,12675.0,5.6301369863,67.56,337.808219178
CYYT,,5028.0,4.0,48.0,240.0
CYYT,,8502.0,4.0,48.0,240.0
CYYT,,7005.0,4.0,48.0,240.0
CYYZ,TORONTO INTL/L.B. PE,11120.0,13.4345821326,161.21,806.074927956
CYYZ,TORONTO INTL/L.B. PE,9697.0,13.4345821326,161.21,806.074927956
CYYZ,TORONTO INTL/L.B. PE,9000.0,13.4345821326,161.21,806.074927956
CYYZ,TORONTO INTL/L.B. PE,11050.0,13.4345821326,161.21,806.074927956
CYYZ,TORONTO INTL/L.B. PE,9088.0,13.4345821326,161.21,806.074927956
DAAG,ALGER,11483.0,8.2235483871,98.68,493.41290322599997
DAAG,ALGER,11483.0,8.2235483871,98.68,493.41290322599997
DABC,,7874.0,4.0,48.0,240.0
DABC,,9843.0,4.0,48.0,240.0
DAOO,ORAN ES SENIA,11811.0,7.3390092879,88.07,440.340557274
DAOO,ORAN ES SENIA,9843.0,7.3390092879,88.07,440.340557274
DBBB,COTONOU/CADJEHOUN,7874.0,5.3764705882,64.52,322.58823529200004
DFFD,OUAGADOUGOU,9843.0,7.7442748092,92.93,464.65648855200004
DFFD,OUAGADOUGOU,6269.0,7.7442748092,92.93,464.65648855200004
DGAA,ACCRA,11165.0,4.5533980583,54.64,273.203883498
DIAP,ABIDJAN,9843.0,5.4012345679,64.81,324.07407407399995
DNAA,ABUJA,11842.0,8.2571428571,99.09,495.42857142599996
DNMM,LAGOS,8997.0,12.3144876325,147.77,738.86925795
DNMM,LAGOS,12794.0,12.3144876325,147.77,738.86925795
DRRN,NIAMEY,,6.0222222222,72.27,361.333333332
DRRN,NIAMEY,10499.0,6.0222222222,72.27,361.333333332
DRRN,NIAMEY,9843.0,6.0222222222,72.27,361.333333332
DTMB,MONASTIR/HABIB BOURG,9678.0,3.9558291093,47.47,237.34974655800002
DTNH,,10827.0,4.0,48.0,240.0
DTTA,TUNIS/CARTHAGE,10499.0,5.052991453,60.64,303.17948717999997
DTTA,TUNIS/CARTHAGE,9318.0,5.052991453,60.64,303.17948717999997
DTTJ,DJERBA/ZARZIS,10171.0,5.0899563319,61.08,305.397379914
EBAW,ANTWERP,4954.0,3.433048433,41.2,205.98290598
EBBR,BRUSSELS,9800.0,5.3050773196,63.66,318.30463917599997
EBBR,BRUSSELS,11936.0,5.3050773196,63.66,318.30463917599997
EBBR,BRUSSELS,10535.0,5.3050773196,63.66,318.30463917599997
EBCI,CHARLEROI,10023.0,5.6682201789,68.02,340.093210734
EBKT,,6234.0,4.0,48.0,240.0
EBLG,LIEGE/LIEGE,7677.0,4.6756198347,56.11,280.537190082
EBLG,LIEGE/LIEGE,12106.0,4.6756198347,56.11,280.537190082
EBMB,,,4.0,48.0,240.0
EBOS,OOSTENDE,10499.0,5.027972028,60.34,301.67832168
EBOS,OOSTENDE,2057.0,5.027972028,60.34,301.67832168
EDDB,BERLIN BRANDENBURG,11811.0,6.1079809221,73.3,366.47885532600003
EDDB,BERLIN BRANDENBURG,13123.0,6.1079809221,73.3,366.47885532600003
EDDC,DRESDEN,9350.0,3.9264521521,47.12,235.587129126
EDDE,,8530.0,4.0,48.0,240.0
EDDF,FRANKFURT,13123.0,8.557656664,102.69,513.45939984
EDDF,FRANKFURT,9186.0,8.557656664,102.69,513.45939984
EDDF,FRANKFURT,13123.0,8.557656664,102.69,513.45939984
EDDF,FRANKFURT,13123.0,8.557656664,102.69,513.45939984
EDDG,MUENSTER-OSNABRUECK,7119.0,4.9974565494,59.97,299.847392964
EDDH,HAMBURG,10663.0,5.4531086142,65.44,327.18651685199995
EDDH,HAMBURG,12028.0,5.4531086142,65.44,327.18651685199995
EDDK,COLOGNE/BONN,8067.0,6.4101423958,76.92,384.60854374800005
EDDK,COLOGNE/BONN,12516.0,6.4101423958,76.92,384.60854374800005
EDDK,COLOGNE/BONN,6112.0,6.4101423958,76.92,384.60854374800005
EDDL,DUSSELDORF,8858.0,5.1399717667,61.68,308.398306002
EDDL,DUSSELDORF,9842.0,5.1399717667,61.68,308.398306002
EDDM,MUNICH,13123.0,5.628367504,67.54,337.70205024
EDDM,MUNICH,13123.0,5.628367504,67.54,337.70205024
EDDN,NURENBERG,8858.0,4.3894196492,52.67,263.365178952
EDDP,LEIPZIG/HALLE,11811.0,6.1245341615,73.49,367.47204969
EDDP,LEIPZIG/HALLE,11811.0,6.1245341615,73.49,367.47204969
EDDR,SAARBRUCKEN/ENSHEIM,6562.0,5.7660167131,69.19,345.961002786
EDDR,SAARBRUCKEN/ENSHEIM,1788.0,5.7660167131,69.19,345.961002786
EDDS,STUTTGART,10974.0,6.2051902353,74.46,372.311414118
EDDV,HANOVER,1804.0,5.8625460084,70.35,351.752760504
EDDV,HANOVER,10499.0,5.8625460084,70.35,351.752760504
EDDV,HANOVER,7677.0,5.8625460084,70.35,351.752760504
EDDW,BREMEN,2297.0,3.9076963766,46.89,234.461782596
EDDW,BREMEN,8642.0,3.9076963766,46.89,234.461782596
EDFH,HAHN,12467.0,7.0359958862,84.43,422.159753172
EDHI,HAMBURG-FINKENWERDER,8629.0,4.7425149701,56.91,284.550898206
EDJA,MEMMINGEN,8629.0,5.8052139695,69.66,348.31283816999996
EDLP,PADERBORN LIPPSTADT,7152.0,4.8500468604,58.2,291.002811624
EDLV,WEEZE,8005.0,5.5843737414,67.01,335.062424484
EDLW,DORTMUND-WICKEDE,6562.0,7.0224215247,84.27,421.345291482
EDNY,FRIEDRICHSHAFEN,7729.0,4.8538011696,58.25,291.22807017599996
EDSB,KARLSRUHE/BADEN-BADE,9787.0,4.7462000707,56.95,284.772004242
EDVE,,7546.0,4.0,48.0,240.0
EDVE,,2953.0,4.0,48.0,240.0
EDXW,SYLT,5564.0,5.2235915493,62.68,313.415492958
EDXW,SYLT,6955.0,5.2235915493,62.68,313.415492958
EEPU,,6463.0,4.0,48.0,240.0
EETN,TALLINN/ULEMISTE,11417.0,4.7255480607,56.71,283.532883642
EETU,TARTU,5905.0,2.0070422535,24.08,120.42253520999999
EFET,,6565.0,4.0,48.0,240.0
EFHK,HELSINKI-VANTAA,10039.0,4.5419847328,54.5,272.51908396799996
EFHK,HELSINKI-VANTAA,11286.0,4.5419847328,54.5,272.51908396799996
EFHK,HELSINKI-VANTAA,9518.0,4.5419847328,54.5,272.51908396799996
EFIV,IVALO,8199.0,2.657480315,31.89,159.4488189
EFIV,IVALO,2625.0,2.657480315,31.89,159.4488189
EFKI,,8199.0,4.0,48.0,240.0
EFKS,KUUSAMO,8202.0,2.2565217391,27.08,135.391304346
EFKT,KITTILA,8202.0,2.8156028369,33.79,168.93617021400001
EFKU,KUOPIO,4921.0,2.0856353591,25.03,125.138121546
EFKU,KUOPIO,9186.0,2.0856353591,25.03,125.138121546
EFOU,OULU,8205.0,3.4668018246,41.6,208.00810947600002
EFRO,ROVANIEMI,9849.0,3.0097087379,36.12,180.582524274
EFTP,TAMPERE-PIRKKALA,8858.0,3.6049079755,43.26,216.29447853000002
EFTU,TURKU,8202.0,4.6770601336,56.12,280.62360801600005
EFVA,VAASA,4921.0,2.5792988314,30.95,154.757929884
EFVA,VAASA,8727.0,2.5792988314,30.95,154.757929884
EGAA,BELFAST/ALDERGROVE,9121.0,4.8274538286,57.93,289.647229716
EGAA,BELFAST/ALDERGROVE,6204.0,4.8274538286,57.93,289.647229716
EGAC,BELFAST/CITY AIRPORT,6001.0,4.3420350044,52.1,260.52210026399996
EGBB,BIRMINGHAM,10013.0,6.477977978,77.74,388.67867868
EGCC,MANCHESTER,10000.0,7.2971085555,87.57,437.82651333
EGCC,MANCHESTER,10007.0,7.2971085555,87.57,437.82651333
EGCN,DONCASTER/SHEFFIELD,9495.0,5.1628806187,61.95,309.772837122
EGFF,CARDIFF,7723.0,4.5866538646,55.04,275.199231876
EGGD,BRISTOL/LULSGATE,6597.0,4.7196284527,56.64,283.17770716200005
EGGP,LIVERPOOL,7497.0,4.3834797462,52.6,263.008784772
EGGW,LONDON/LUTON,7093.0,6.4785646237,77.74,388.713877422
EGHH,BOURNEMOUTH/HURN,7451.0,5.1628182356,61.95,309.769094136
EGHI,SOUTHAMPTON,6148.0,3.6735294118,44.08,220.41176470800002
EGHQ,NEWQUAY CORNWALL,9006.0,4.9710144928,59.65,298.26086956800003
EGHL,,5896.0,4.0,48.0,240.0
EGJJ,JERSEY,5597.0,4.7568777991,57.08,285.412667946
EGKK,LONDON/GATWICK,8402.0,8.1393441312,97.67,488.36064787199996
EGKK,LONDON/GATWICK,10883.0,8.1393441312,97.67,488.36064787199996
EGLC,LONDON/CITY,4948.0,4.1944585663,50.33,251.667513978
EGLL,LONDON/HEATHROW,12799.0,10.4272878536,125.13,625.6372712159999
EGLL,LONDON/HEATHROW,12001.0,10.4272878536,125.13,625.6372712159999
EGMC,SOUTHEND,6089.0,5.2111111111,62.53,312.666666666
EGNJ,HUMBERSIDE,7205.0,3.1845637584,38.21,191.07382550399998
EGNJ,HUMBERSIDE,3458.0,3.1845637584,38.21,191.07382550399998
EGNM,LEEDS AND BRADFORD,7381.0,4.5911367051,55.09,275.468202306
EGNS,ISLE OF MAN/RONALDSW,3934.0,3.9965753425,47.96,239.79452055
EGNS,ISLE OF MAN/RONALDSW,5751.0,3.9965753425,47.96,239.79452055
EGNS,ISLE OF MAN/RONALDSW,2963.0,3.9965753425,47.96,239.79452055
EGNT,NEWCASTLE,7642.0,4.2051011434,50.46,252.30606860400002
EGNV,TEESSIDE,7516.0,3.8466386555,46.16,230.79831933
EGNX,EAST MIDLANDS,9491.0,3.9990739026,47.99,239.944434156
EGPD,ABERDEEN,1893.0,4.0531835206,48.64,243.191011236
EGPD,ABERDEEN,2165.0,4.0531835206,48.64,243.191011236
EGPD,ABERDEEN,6407.0,4.0531835206,48.64,243.191011236
EGPD,ABERDEEN,853.0,4.0531835206,48.64,243.191011236
EGPE,INVERNESS,6191.0,4.100896861,49.21,246.05381165999998
EGPE,INVERNESS,2297.0,4.100896861,49.21,246.05381165999998
EGPF,GLASGOW,8743.0,4.73,56.76,283.8
EGPF,GLASGOW,3622.0,4.73,56.76,283.8
EGPH,EDINBURGH,8386.0,6.2727464975,75.27,376.36478985
EGPH,EDINBURGH,2621.0,6.2727464975,75.27,376.36478985
EGPH,EDINBURGH,5730.0,6.2727464975,75.27,376.36478985
EGPK,PRESTWICK,6250.0,4.3896752706,52.68,263.380516236
EGPK,PRESTWICK,9797.0,4.3896752706,52.68,263.380516236
EGSH,NORWICH,4154.0,3.5021276596,42.03,210.127659576
EGSH,NORWICH,6041.0,3.5021276596,42.03,210.127659576
EGSS,LONDON/STANSTED,10003.0,6.7722823287,81.27,406.336939722
EGSY,,3973.0,4.0,48.0,240.0
EGTE,EXETER,6834.0,4.325323475,51.9,259.5194085
EGTE,EXETER,4393.0,4.325323475,51.9,259.5194085
EGVN,,10007.0,4.0,48.0,240.0
EHAM,AMSTERDAM,6627.0,8.0871241173,97.05,485.22744703800004
EHAM,AMSTERDAM,11283.0,8.0871241173,97.05,485.22744703800004
EHAM,AMSTERDAM,11329.0,8.0871241173,97.05,485.22744703800004
EHAM,AMSTERDAM,10826.0,8.0871241173,97.05,485.22744703800004
EHAM,AMSTERDAM,11155.0,8.0871241173,97.05,485.22744703800004
EHAM,AMSTERDAM,12467.0,8.0871241173,97.05,485.22744703800004
EHBK,MAASTRICHT/MAASTRICHT AACHEN,9022.0,5.16,61.92,309.6
EHEH,EINDHOVEN,9843.0,6.0296942376,72.36,361.781654256
EHGG,,4922.0,4.0,48.0,240.0
EHGG,,8202.0,4.0,48.0,240.0
EHRD,ROTTERDAM,7218.0,4.1496598639,49.8,248.97959183400002
EHWO,,8015.0,4.0,48.0,240.0
EICK,CORK,4298.0,4.0863980292,49.04,245.183881752
EICK,CORK,6998.0,4.0863980292,49.04,245.183881752
EIDW,DUBLIN,10203.0,8.4321676213,101.19,505.930057278
EIDW,DUBLIN,8652.0,8.4321676213,101.19,505.930057278
EIDW,DUBLIN,4393.0,8.4321676213,101.19,505.930057278
EIDW,DUBLIN,6798.0,8.4321676213,101.19,505.930057278
EIKN,CONNAUGHT,7546.0,5.205801861,62.47,312.34811166000003
EIKY,KERRY/FARRANFORE,4035.0,3.7071984436,44.49,222.431906616
EIKY,KERRY/FARRANFORE,6562.0,3.7071984436,44.49,222.431906616
EINN,SHANNON,10495.0,4.605778811,55.27,276.34672866000005
EKAH,AARHUS/TIRSTRUP,9111.0,4.4378903539,53.25,266.273421234
EKAH,AARHUS/TIRSTRUP,8865.0,4.4378903539,53.25,266.273421234
EKBI,BILLUND,10172.0,4.5607752535,54.73,273.64651521
EKCH,COPENHAGEN/KASTRUP,11811.0,5.9096543146,70.92,354.579258876
EKCH,COPENHAGEN/KASTRUP,10827.0,5.9096543146,70.92,354.579258876
EKCH,COPENHAGEN/KASTRUP,9186.0,5.9096543146,70.92,354.579258876
EKRN,,6568.0,4.0,48.0,240.0
EKVG,VAGAR,5902.0,3.2532188841,39.04,195.19313304599999
EKYT,AALBORG,8707.0,4.681197479,56.17,280.87184873999996
EKYT,AALBORG,8363.0,4.681197479,56.17,280.87184873999996
ELLX,LUXEMBOURG,13130.0,4.438712668,53.26,266.32276008
ENAL,ALESUND/VIGRA,7592.0,2.7560728745,33.07,165.36437247
ENAN,ANDOYA/ANDENES,5486.0,2.8355263158,34.03,170.131578948
ENAN,ANDOYA/ANDENES,8097.0,2.8355263158,34.03,170.131578948
ENAT,ALTA,7165.0,2.7949162334,33.54,167.694974004
ENBL,FORDE/BRINGELAND,3084.0,1.9069767442,22.88,114.418604652
ENBN,BRONNOYSUND/BRONNOY,3937.0,1.8742565845,22.49,112.45539507000001
ENBO,BODO,11136.0,2.4401148482,29.28,146.406890892
ENBR,BERGEN/FLESLAND,9810.0,3.3767767424,40.52,202.60660454400002
ENBS,BATSFJORD,3281.0,2.04315197,24.52,122.58911819999999
ENBV,BERLEVAG,3372.0,1.9094922737,22.91,114.569536422
ENCN,KRISTIANSAND/KJEVIK,6660.0,3.2610201511,39.13,195.661209066
ENDU,BARDUFOSS,8015.0,3.765037594,45.18,225.90225564
ENEV,EVENES,9236.0,3.0224358974,36.27,181.34615384399999
ENFL,FLORO,4144.0,1.8502994012,22.2,111.017964072
ENGM,OSLO/GARDERMOEN,11811.0,4.5515465827,54.62,273.092794962
ENGM,OSLO/GARDERMOEN,9678.0,4.5515465827,54.62,273.092794962
ENHD,HAUGESUND/KARMOY,6957.0,2.8553251649,34.26,171.319509894
ENHF,HAMMERFEST,3061.0,2.9891940567,35.87,179.351643402
ENHK,HASVIK,3179.0,2.1307847082,25.57,127.84708249200001
ENHV,HONNINGSVAG/VALAN,2625.0,2.0592334495,24.71,123.55400697000002
ENKB,KRISTIANSUND/KV,7841.0,2.9261511729,35.11,175.569070374
ENKR,KIRKENES/HOYBUKTMOEN,6939.0,2.4671052632,29.61,148.02631579200002
ENLK,LEKNES,2881.0,2.0242522231,24.29,121.455133386
ENMH,MEHAMN,2887.0,1.7877813505,21.45,107.26688103
ENML,MOLDE,6922.0,2.5349794239,30.42,152.098765434
ENMS,MOSJOEN/KJAERSTAD,3015.0,1.9001040583,22.8,114.006243498
ENNM,NAMSOS,2749.0,2.498392283,29.98,149.90353697999998
ENOV,ORSTA-VOLDA/HOVDEN,3510.0,1.8909803922,22.69,113.458823532
ENRA,MO I RANA/ROSSVOLL,2759.0,1.9552715655,23.46,117.31629393
ENRM,RORVIK/RYUM,2887.0,2.038961039,24.47,122.33766234000001
ENRO,ROROS,5643.0,2.4759036145,29.71,148.55421687
ENRS,ROST,3386.0,1.4210526316,17.05,85.26315789600001
ENNA,,9147.0,4.0,48.0,240.0
ENSB,SVALBARD/LONGYEAR,7608.0,3.8232323232,45.88,229.393939392
ENSD,SANDANE/ANDA,3182.0,2.2965722802,27.56,137.79433681199998
ENSG,SOGNDAL/HAUKASEN,3150.0,2.3884018881,28.66,143.30411328600002
ENSH,SVOLVAER/HELLE,3104.0,1.7464905037,20.96,104.78943022200001
ENSK,STOKMARKNES/SKAGEN,3031.0,1.7696,21.24,106.176
ENSR,SORKJOSEN,3015.0,1.570212766,18.84,94.21276596
ENSS,VARDO/SVARTNES,3707.0,1.8100840336,21.72,108.605042016
ENST,SANDNESSJOEN/STOKKA,3563.0,1.9897377423,23.88,119.384264538
ENTC,TROMSO/LANGNES,7848.0,2.8173181917,33.81,169.03909150200002
ENTO,SANDEFJORD/TORP,9675.0,4.1178390138,49.41,247.070340828
ENVA,TRONDHEIM/VAERNES,9052.0,2.8526429634,34.23,171.158577804
ENVA,TRONDHEIM/VAERNES,1771.0,2.8526429634,34.23,171.158577804
ENVA,TRONDHEIM/VAERNES,1117.0,2.8526429634,34.23,171.158577804
ENVD,VADSO,3278.0,2.4225271584,29.07,145.351629504
ENZV,STAVANGER/SOLA,8035.0,3.6821985378,44.19,220.93191226800002
ENZV,STAVANGER/SOLA,9369.0,3.6821985378,44.19,220.93191226800002
EPBY,BYDGOSZCZ,8202.0,4.8558139535,58.27,291.34883721
EPGD,GDANSK/REBIECHOWO,9186.0,4.4588866655,53.51,267.53319992999997
EPKK,KRAKOW/BALICE,8366.0,6.3915632443,76.7,383.493794658
EPKT,KATOWICE/PYRZOWICE,10499.0,5.2775078594,63.33,316.650471564
EPLB,LUBLIN,8268.0,3.8006329114,45.61,228.037974684
EPLL,LODZ/LUBLINEK,8202.0,5.2594339623,63.11,315.56603773800003
EPLL,LODZ/LUBLINEK,2296.0,5.2594339623,63.11,315.56603773800003
EPMO,MODLIN WARSAW,8202.0,4.8287001087,57.94,289.72200652199996
EPPO,POZNAN/LAWICA,2296.0,4.6150618375,55.38,276.90371025
EPPO,POZNAN/LAWICA,8215.0,4.6150618375,55.38,276.90371025
EPRZ,RZESZOW/JASIONKA,2448.0,4.3326435592,51.99,259.95861355200003
EPRZ,RZESZOW/JASIONKA,2953.0,4.3326435592,51.99,259.95861355200003
EPRZ,RZESZOW/JASIONKA,10498.0,4.3326435592,51.99,259.95861355200003
EPRZ,RZESZOW/JASIONKA,6840.0,4.3326435592,51.99,259.95861355200003
EPSC,SZCZECIN/GOLENIOW,8202.0,4.409052808,52.91,264.54316848
EPSY,MAZURY,8202.0,3.9925187032,47.91,239.551122192
EPWA,WARSAW/OKECIE,9186.0,4.5783219487,54.94,274.69931692200004
EPWA,WARSAW/OKECIE,12106.0,4.5783219487,54.94,274.69931692200004
EPWR,WROCLAW/STRACHOWICE,8212.0,4.498854787,53.99,269.93128722
EPZG,ZIELONA GORA/BABIMOST,8202.0,4.1484716157,49.78,248.908296942
ESDF,,7648.0,4.0,48.0,240.0
ESGG,GOTENBORG/LANDVETTER,10823.0,4.5951409824,55.14,275.70845894400003
ESKN,STOCKHOLM/SKAVSTA,9442.0,6.1083860759,73.3,366.503164554
ESKN,STOCKHOLM/SKAVSTA,6690.0,6.1083860759,73.3,366.503164554
ESKS,,8202.0,4.0,48.0,240.0
ESMQ,KALMAR,2179.0,2.8495297806,34.19,170.971786836
ESMQ,KALMAR,6726.0,2.8495297806,34.19,170.971786836
ESMS,MALMOE/STURUP,2615.0,5.1391708968,61.67,308.350253808
ESMS,MALMOE/STURUP,9186.0,5.1391708968,61.67,308.350253808
ESMX,VAXJO-KRONOBERG,6900.0,5.0023640662,60.03,300.141843972
ESNN,SUNDSVALL-HÄRNÖSAND,6857.0,2.8791540785,34.55,172.74924471
ESNQ,KIRUNA,8209.0,3.4017660044,40.82,204.105960264
ESNS,SKELLEFTEA,8268.0,3.2039072039,38.45,192.234432234
ESNU,UMEA,7551.0,3.1431226766,37.72,188.587360596
ESNX,,8201.0,4.0,48.0,240.0
ESNZ,OSTERSUND,8202.0,3.4044117647,40.85,204.264705882
ESNZ,OSTERSUND,4034.0,3.4044117647,40.85,204.264705882
ESOE,OREBRO,10728.0,4.4311926606,53.17,265.871559636
ESOW,STOCKHOLM/VASTERAS,8468.0,4.7876106195,57.45,287.25663717
ESPA,LULEA/KALLAX,10990.0,3.7442622951,44.93,224.655737706
ESSA,STOCKHOLM/ARLANDA,10830.0,5.7779101719,69.33,346.674610314
ESSA,STOCKHOLM/ARLANDA,8201.0,5.7779101719,69.33,346.674610314
ESSA,STOCKHOLM/ARLANDA,8202.0,5.7779101719,69.33,346.674610314
ESSB,STOCKHOLM-BROMMA,5472.0,5.7080979284,68.5,342.485875704
ESSL,LINKOPING/MALMEN,7004.0,3.1507246377,37.81,189.043478262
ESSP,,7228.0,4.0,48.0,240.0
ESSP,,1948.0,4.0,48.0,240.0
ESSV,VISBY,6562.0,2.6851851852,32.22,161.111111112
ESSV,VISBY,3611.0,2.6851851852,32.22,161.111111112
ESTA,,613.0,4.0,48.0,240.0
ESTA,,6381.0,4.0,48.0,240.0
ETNG,,10009.0,4.0,48.0,240.0
EVRA,RIGA INTL,10499.0,4.0073667292,48.09,240.442003752
EYKA,KAUNAS INTL,10663.0,4.985672145,59.83,299.1403287
EYPA,PALANGA INTL,7480.0,4.8093264249,57.71,288.559585494
EYVI,VILNIUS INTL,8251.0,4.950136612,59.4,297.00819672
FACT,CAPE TOWN,10502.0,6.3382663848,76.06,380.295983088
FACT,CAPE TOWN,5581.0,6.3382663848,76.06,380.295983088
FAOR,JOHANNESBURG/O.R. TAMBO INTERNATINAL,14495.0,8.3964041096,100.76,503.78424657600004
FAOR,JOHANNESBURG/O.R. TAMBO INTERNATINAL,11155.0,8.3964041096,100.76,503.78424657600004
FCPP,,8530.0,4.0,48.0,240.0
FIMP,MAURITIUS PLAISANCE,11056.0,7.3057324841,87.67,438.343949046
FKKD,DOUALA,9350.0,6.0641330166,72.77,363.847980996
FKYS,YAOUNDE/NSIMALEN,11155.0,5.6206896552,67.45,337.241379312
FMEE,REUNION ISLAND INTL/,10499.0,5.9375,71.25,356.25
FMEE,REUNION ISLAND INTL/,8760.0,5.9375,71.25,356.25
"FNLU,""LUANDA, ANGOLA"",12190.0,10.9014675052,130.82,654.088050312",,,,,
"FNLU,""LUANDA, ANGOLA"",8530.0,10.9014675052,130.82,654.088050312",,,,,
FOOL,LIBREVILLE,9844.0,6.512195122,78.15,390.73170732
FZAA,KINSHASA/N'DJILI INT,13123.0,6.632183908,79.59,397.93103448
GABS,BAMAKO VILLE,10498.0,7.3194888179,87.83,439.169329074
GBYD,BANJUL,11811.0,4.4805194805,53.77,268.83116883
GCFV,FUERTEVENTURA,11598.0,4.1831119545,50.2,250.98671727
GCGM,LA GOMERA,4921.0,3.6686390533,44.02,220.11834319800002
GCHI,HIERRO,4101.0,3.1550733886,37.86,189.304403316
GCLA,LA PALMA,7218.0,3.6255725191,43.51,217.534351146
GCLP,LAS PALMAS,10171.0,4.0343254735,48.41,242.05952841
GCLP,LAS PALMAS,10171.0,4.0343254735,48.41,242.05952841
GCRR,ARRECIFE LANZAROTE,7874.0,4.0246022289,48.3,241.476133734
GCTS,TENERIFE SUR/REINA SOFIA,10499.0,5.1277235713,61.53,307.663414278
GCXO,TENERIFE NORTE,10404.0,3.596701989,43.16,215.80211934
GFLL,,10498.0,4.0,48.0,240.0
GLRB,,11000.0,4.0,48.0,240.0
GMAD,AGADIR/AL-MASSIRA,10499.0,4.9627836611,59.55,297.76701966599995
GMFF,FES/SAISS,10499.0,3.519010536,42.23,211.14063216
GMFK,,10499.0,4.0,48.0,240.0
GMFO,OUJDA,9843.0,6.8318250377,81.98,409.909502262
GMFO,OUJDA,9843.0,6.8318250377,81.98,409.909502262
GMME,RABAT/SALE,11483.0,5.0816023739,60.98,304.896142434
GMMN,CASABLANCA/MOHAMMED,12205.0,7.0496299521,84.6,422.977797126
GMMN,CASABLANCA/MOHAMMED,12205.0,7.0496299521,84.6,422.977797126
GMMW,NADOR,9842.0,4.4915730337,53.9,269.49438202199997
GMMX,MARRAKECH,10170.0,5.4648300779,65.58,327.889804674
GMTA,,8202.0,4.0,48.0,240.0
GMTN,,7546.0,4.0,48.0,240.0
GMTN,,10784.0,4.0,48.0,240.0
GMTT,TANGER/BOUKHALF,6562.0,5.9326075687,71.19,355.95645412199997
GMTT,TANGER/BOUKHALF,11483.0,5.9326075687,71.19,355.95645412199997
GOBD,DAKAR - BLAISE DIAGNE,11483.0,5.6104,67.32,336.624
GQNO,NOUAKCHOTT-OUMTOUNSY,7875.0,4.2972972973,51.57,257.837837838
GQNO,NOUAKCHOTT-OUMTOUNSY,11155.0,4.2972972973,51.57,257.837837838
GUCY,CONAKRY/GBESSIA,10826.0,5.1961722488,62.35,311.770334928
GVAC,AMILCAR CABRAL,9843.0,4.9580536913,59.5,297.483221478
GVAC,AMILCAR CABRAL,4921.0,4.9580536913,59.5,297.483221478
GVNP,NEW PRAIA AIRPORT,6890.0,3.3151041667,39.78,198.90625000199998
GVNP,NEW PRAIA AIRPORT,4209.0,3.3151041667,39.78,198.90625000199998
GVNP,NEW PRAIA AIRPORT,6876.0,3.3151041667,39.78,198.90625000199998
GVSV,SAO PEDRO/CESARIA EVORA INTERNATIONAL,6561.0,3.670995671,44.05,220.25974026
HDAM,DIJBOUTI AMBOULI,10335.0,5.4655172414,65.59,327.931034484
HEBA,BORG EL ARAB INTERNATIONAL,11156.0,6.474916388,77.7,388.49498328
HEBA,BORG EL ARAB INTERNATIONAL,1347.0,6.474916388,77.7,388.49498328
HEBA,BORG EL ARAB INTERNATIONAL,1347.0,6.474916388,77.7,388.49498328
GVBA,,6890.0,4.0,48.0,240.0
HAAB,,12139.0,4.0,48.0,240.0
HAAB,,12467.0,4.0,48.0,240.0
HCMM,,10446.0,4.0,48.0,240.0
HECA,CAIRO,13120.0,8.2529411765,99.04,495.17647059
HECA,CAIRO,10830.0,8.2529411765,99.04,495.17647059
HECA,CAIRO,13124.0,8.2529411765,99.04,495.17647059
HEGN,HURGHADA,13171.0,5.9049840412,70.86,354.299042472
HEGN,HURGHADA,13168.0,5.9049840412,70.86,354.299042472
HEMA,MARSA ALAM INTL,11253.0,5.6560232221,67.87,339.361393326
HESH,SHARM EL SHEIKH,10108.0,5.8742647059,70.49,352.455882354
HESH,SHARM EL SHEIKH,10108.0,5.8742647059,70.49,352.455882354
HKJK,NAIROBI,13507.0,10.7627388535,129.15,645.76433121
HHAS,,9842.0,4.0,48.0,240.0
HHAS,,5951.0,4.0,48.0,240.0
HRYR,,11483.0,4.0,48.0,240.0
HSSK,,9751.0,4.0,48.0,240.0
HTDA,,9843.0,4.0,48.0,240.0
HTDA,,3280.0,4.0,48.0,240.0
HTZA,,9915.0,4.0,48.0,240.0
HUEN,,7900.0,4.0,48.0,240.0
HUEN,,12000.0,4.0,48.0,240.0
KATL,ATLANTA INTL/HARTSFI,9000.0,12.2946824225,147.54,737.68094535
KATL,ATLANTA INTL/HARTSFI,10000.0,12.2946824225,147.54,737.68094535
KATL,ATLANTA INTL/HARTSFI,11890.0,12.2946824225,147.54,737.68094535
KATL,ATLANTA INTL/HARTSFI,9001.0,12.2946824225,147.54,737.68094535
KATL,ATLANTA INTL/HARTSFI,9000.0,12.2946824225,147.54,737.68094535
KBOS,BOSTON,7861.0,11.7506783238,141.01,705.040699428
KBOS,BOSTON,10005.0,11.7506783238,141.01,705.040699428
KBOS,BOSTON,7000.0,11.7506783238,141.01,705.040699428
KBOS,BOSTON,5000.0,11.7506783238,141.01,705.040699428
KBOS,BOSTON,2557.0,11.7506783238,141.01,705.040699428
KBOS,BOSTON,10083.0,11.7506783238,141.01,705.040699428
KCLT,CHARLOTTE,7502.0,8.6614379085,103.94,519.68627451
KCLT,CHARLOTTE,10000.0,8.6614379085,103.94,519.68627451
KCLT,CHARLOTTE,8676.0,8.6614379085,103.94,519.68627451
KCLT,CHARLOTTE,10000.0,8.6614379085,103.94,519.68627451
KDEN,DENVER INTERNATIONAL,12000.0,12.1172248804,145.41,727.0334928240001
KDEN,DENVER INTERNATIONAL,12000.0,12.1172248804,145.41,727.0334928240001
KDEN,DENVER INTERNATIONAL,12000.0,12.1172248804,145.41,727.0334928240001
KDEN,DENVER INTERNATIONAL,16000.0,12.1172248804,145.41,727.0334928240001
KDEN,DENVER INTERNATIONAL,12000.0,12.1172248804,145.41,727.0334928240001
KDEN,DENVER INTERNATIONAL,12000.0,12.1172248804,145.41,727.0334928240001
KDAB,,10500.0,4.0,48.0,240.0
KDAB,,3195.0,4.0,48.0,240.0
KDAB,,6001.0,4.0,48.0,240.0
KDFW,DALLAS/FORT WORTH,9000.0,10.3332020481,124.0,619.9921228860001
KDFW,DALLAS/FORT WORTH,9301.0,10.3332020481,124.0,619.9921228860001
KDFW,DALLAS/FORT WORTH,13401.0,10.3332020481,124.0,619.9921228860001
KDFW,DALLAS/FORT WORTH,8500.0,10.3332020481,124.0,619.9921228860001
KDFW,DALLAS/FORT WORTH,13401.0,10.3332020481,124.0,619.9921228860001
KDFW,DALLAS/FORT WORTH,13400.0,10.3332020481,124.0,619.9921228860001
KDFW,DALLAS/FORT WORTH,13400.0,10.3332020481,124.0,619.9921228860001
KDTW,DETROIT/METROPOL WAY,8501.0,9.6754385965,116.11,580.52631579
KDTW,DETROIT/METROPOL WAY,10001.0,9.6754385965,116.11,580.52631579
KDTW,DETROIT/METROPOL WAY,10000.0,9.6754385965,116.11,580.52631579
KDTW,DETROIT/METROPOL WAY,12003.0,9.6754385965,116.11,580.52631579
KDTW,DETROIT/METROPOL WAY,8708.0,9.6754385965,116.11,580.52631579
KDTW,DETROIT/METROPOL WAY,8500.0,9.6754385965,116.11,580.52631579
KEWR,NEWARK,11000.0,12.1009174312,145.21,726.0550458719999
KEWR,NEWARK,10000.0,12.1009174312,145.21,726.0550458719999
KEWR,NEWARK,6800.0,12.1009174312,145.21,726.0550458719999
KFLL,,9000.0,4.0,48.0,240.0
KFLL,,8000.0,4.0,48.0,240.0
KFLL,,6930.0,4.0,48.0,240.0
KGSP,,11000.0,4.0,48.0,240.0
KIAD,WASHINGTON,11501.0,7.7063492063,92.48,462.38095237799996
KIAD,WASHINGTON,9400.0,7.7063492063,92.48,462.38095237799996
KIAD,WASHINGTON,11500.0,7.7063492063,92.48,462.38095237799996
KIAD,WASHINGTON,10501.0,7.7063492063,92.48,462.38095237799996
KIAH,HOUSTON INTL/TEXAS,9000.0,8.2220812183,98.66,493.32487309799996
KIAH,HOUSTON INTL/TEXAS,9402.0,8.2220812183,98.66,493.32487309799996
KIAH,HOUSTON INTL/TEXAS,10000.0,8.2220812183,98.66,493.32487309799996
KIAH,HOUSTON INTL/TEXAS,12001.0,8.2220812183,98.66,493.32487309799996
KIAH,HOUSTON INTL/TEXAS,9999.0,8.2220812183,98.66,493.32487309799996
KJFK,NEW YORK,12079.0,17.6319915862,211.58,1057.919495172
KJFK,NEW YORK,8400.0,17.6319915862,211.58,1057.919495172
KJFK,NEW YORK,10000.0,17.6319915862,211.58,1057.919495172
KJFK,NEW YORK,14511.0,17.6319915862,211.58,1057.919495172
KLAX,LOS ANGELES,8925.0,11.1992498828,134.39,671.954992968
KLAX,LOS ANGELES,10285.0,11.1992498828,134.39,671.954992968
KLAX,LOS ANGELES,12091.0,11.1992498828,134.39,671.954992968
KLAX,LOS ANGELES,11096.0,11.1992498828,134.39,671.954992968
KMCO,ORLANDO INTERNATIONAL,9000.0,11.6033182504,139.24,696.1990950239999
KMCO,ORLANDO INTERNATIONAL,10000.0,11.6033182504,139.24,696.1990950239999
KMCO,ORLANDO INTERNATIONAL,12005.0,11.6033182504,139.24,696.1990950239999
KMCO,ORLANDO INTERNATIONAL,12004.0,11.6033182504,139.24,696.1990950239999
KMIA,MIAMI INTL/FLORIDA,8600.0,9.2495285984,110.99,554.971715904
KMIA,MIAMI INTL/FLORIDA,10506.0,9.2495285984,110.99,554.971715904
KMIA,MIAMI INTL/FLORIDA,13000.0,9.2495285984,110.99,554.971715904
KMIA,MIAMI INTL/FLORIDA,9354.0,9.2495285984,110.99,554.971715904
KMLB,,3001.0,4.0,48.0,240.0
KMLB,,6000.0,4.0,48.0,240.0
KMLB,,10181.0,4.0,48.0,240.0
KNYL,,13299.0,4.0,48.0,240.0
KNYL,,9239.0,4.0,48.0,240.0
KNYL,,6145.0,4.0,48.0,240.0
KNYL,,5710.0,4.0,48.0,240.0
KOMA,,8500.0,4.0,48.0,240.0
KOMA,,9502.0,4.0,48.0,240.0
KOMA,,8153.0,4.0,48.0,240.0
KORD,CHICAGO O HARE INTL,7500.0,16.5743077792,198.89,994.458466752
KORD,CHICAGO O HARE INTL,8075.0,16.5743077792,198.89,994.458466752
KORD,CHICAGO O HARE INTL,11245.0,16.5743077792,198.89,994.458466752
KORD,CHICAGO O HARE INTL,7500.0,16.5743077792,198.89,994.458466752
KORD,CHICAGO O HARE INTL,7967.0,16.5743077792,198.89,994.458466752
KORD,CHICAGO O HARE INTL,10801.0,16.5743077792,198.89,994.458466752
KORD,CHICAGO O HARE INTL,13000.0,16.5743077792,198.89,994.458466752
KORD,CHICAGO O HARE INTL,7500.0,16.5743077792,198.89,994.458466752
KORD,CHICAGO O HARE INTL,10005.0,16.5743077792,198.89,994.458466752
KORD,CHICAGO O HARE INTL,9686.0,16.5743077792,198.89,994.458466752
KORD,CHICAGO O HARE INTL,5332.0,16.5743077792,198.89,994.458466752
KPAE,,4514.0,4.0,48.0,240.0
KPAE,,3000.0,4.0,48.0,240.0
KPAE,,9010.0,4.0,48.0,240.0
KPHL,PHILADELPHIA,5000.0,7.3667508114,88.4,442.00504868400003
KPHL,PHILADELPHIA,9500.0,7.3667508114,88.4,442.00504868400003
KPHL,PHILADELPHIA,12000.0,7.3667508114,88.4,442.00504868400003
KPHL,PHILADELPHIA,5460.0,7.3667508114,88.4,442.00504868400003
KPHX,,10300.0,4.0,48.0,240.0
KPHX,,7800.0,4.0,48.0,240.0
KPHX,,11489.0,4.0,48.0,240.0
KRDU,,10000.0,4.0,48.0,240.0
KRDU,,7500.0,4.0,48.0,240.0
KRDU,,3570.0,4.0,48.0,240.0
KRFD,,8199.0,4.0,48.0,240.0
KRFD,,10004.0,4.0,48.0,240.0
KSEA,SEATTLE/TACOMA INTL,9426.0,7.2818073722,87.38,436.908442332
KSEA,SEATTLE/TACOMA INTL,11900.0,7.2818073722,87.38,436.908442332
KSEA,SEATTLE/TACOMA INTL,9426.0,7.2818073722,87.38,436.908442332
KSEA,SEATTLE/TACOMA INTL,,7.2818073722,87.38,436.908442332
KSFO,SAN FRANCISCO,7500.0,10.2106481481,122.53,612.638888886
KSFO,SAN FRANCISCO,8648.0,10.2106481481,122.53,612.638888886
KSFO,SAN FRANCISCO,11870.0,10.2106481481,122.53,612.638888886
KSFO,SAN FRANCISCO,10602.0,10.2106481481,122.53,612.638888886
KTUL,,7372.0,4.0,48.0,240.0
KTUL,,9999.0,4.0,48.0,240.0
KTUL,,6101.0,4.0,48.0,240.0
LATI,TIRANA,9022.0,6.1795001262,74.15,370.770007572
LBBG,BURGAS,10499.0,5.2005131965,62.41,312.03079179
LBPD,PLOVDIV INTERNATIONAL,8202.0,5.2627345845,63.15,315.76407507000005
LBSF,SOFIA,11811.0,5.2152598951,62.58,312.915593706
LBWN,VARNA,8258.0,5.7662337662,69.19,345.974025972
LCLK,LARNACA,9823.0,5.0959400375,61.15,305.75640225
LCPH,PAPHOS,8858.0,4.8449389806,58.14,290.696338836
LCRA,,9002.0,4.0,48.0,240.0
LDDU,DUBROVNIK,10597.0,3.855952381,46.27,231.35714285999998
LDPL,PULA,9678.0,4.4177419355,53.01,265.06451612999996
LDRI,RIJEKA / KRK I,8164.0,3.9605488851,47.53,237.632933106
LDSP,SPLIT,8366.0,3.8718199609,46.46,232.309197654
LDZA,ZAGREB,10669.0,5.4909018987,65.89,329.454113922
LDZD,ZADAR / ZEMUNIK,6561.0,5.3800738007,64.56,322.804428042
LDZD,ZADAR / ZEMUNIK,8202.0,5.3800738007,64.56,322.804428042
LEAB,,8858.0,4.0,48.0,240.0
LEAL,ALICANTE,9842.0,4.8835009105,58.6,293.01005462999996
LEAM,ALMERIA,10499.0,5.4967860422,65.96,329.807162532
LEAS,ASTURIAS,7218.0,4.2588770865,51.11,255.53262519
LEBB,BILBAO,6562.0,4.6322055138,55.59,277.932330828
LEBB,BILBAO,8530.0,4.6322055138,55.59,277.932330828
LEBL,BARCELONA,8294.0,5.3782519806,64.54,322.695118836
LEBL,BARCELONA,10997.0,5.3782519806,64.54,322.695118836
LEBL,BARCELONA,8727.0,5.3782519806,64.54,322.695118836
LECO,LA CORUNA,7178.0,4.2472340426,50.97,254.83404255599999
LECH,,8858.0,4.0,48.0,240.0
LEGE,GERONA,7874.0,4.0244860943,48.29,241.469165658
LEGR,GRANADA,9514.0,4.3396099529,52.08,260.376597174
LEIB,IBIZA,9186.0,4.6916913621,56.3,281.501481726
LEJR,JEREZ DE LA FRONTERA,7546.0,5.1031339031,61.24,306.188034186
LEMD,MADRID/BARAJAS,11483.0,9.017799601,108.21,541.06797606
LEMD,MADRID/BARAJAS,13084.0,9.017799601,108.21,541.06797606
LEMD,MADRID/BARAJAS,11483.0,9.017799601,108.21,541.06797606
LEMD,MADRID/BARAJAS,13711.0,9.017799601,108.21,541.06797606
LEMG,MALAGA,9022.0,5.4373771818,65.25,326.24263090799997
LEMG,MALAGA,10500.0,5.4373771818,65.25,326.24263090799997
LEMH,MAHON,8366.0,4.3683262712,52.42,262.099576272
LEMH,MAHON,7710.0,4.3683262712,52.42,262.099576272
LEMH,MAHON,6890.0,4.3683262712,52.42,262.099576272
LEMI,REGION DE MURCIA,9842.0,4.3713054187,52.46,262.27832512199996
LEPA,PALMA DE MALLORCA,10728.0,5.3159414471,63.79,318.956486826
LEPA,PALMA DE MALLORCA,9842.0,5.3159414471,63.79,318.956486826
LEPP,,2.0,4.0,48.0,240.0
LEPP,,7241.0,4.0,48.0,240.0
LERS,REUS,8054.0,3.8515185602,46.22,231.09111361200002
LERS,REUS,1117.0,3.8515185602,46.22,231.09111361200002
LESO,SAN SEBASTIAN,5755.0,4.5187265918,54.22,271.123595508
LEST,SANTIAGO,10499.0,4.7665982204,57.2,285.995893224
LEVC,VALENCIA,5394.0,4.5917956845,55.1,275.50774107
LEVC,VALENCIA,8858.0,4.5917956845,55.1,275.50774107
LEVD,VALLADOLID,9843.0,6.1617161716,73.94,369.702970296
LEVD,VALLADOLID,2976.0,6.1617161716,73.94,369.702970296
LEVT,VITORIA,11483.0,4.7644569817,57.17,285.86741890200005
LEVX,VIGO,7874.0,3.6360560657,43.63,218.163363942
LEXJ,SANTANDER,7612.0,4.3955555556,52.75,263.733333336
LEZG,ZARAGOZA,9843.0,6.5210563883,78.25,391.263383298
LEZG,ZARAGOZA,12198.0,6.5210563883,78.25,391.263383298
LEZL,SEVILLA,11030.0,3.8996458977,46.8,233.97875386200002
LFBD,BORDEAUX/MERIGNAC,10171.0,4.7940646131,57.53,287.64387678599996
LFBD,BORDEAUX/MERIGNAC,7923.0,4.7940646131,57.53,287.64387678599996
LFBE,BERGERAC/ROUMANIERE,7234.0,4.8656429942,58.39,291.938579652
LFBH,LA ROCHELLE LALEU,7398.0,5.4941634241,65.93,329.649805446
LFBI,POITIERS-BIARD,7710.0,4.8085106383,57.7,288.510638298
LFBL,LIMOGES BELLEGARDE,8202.0,5.3940594059,64.73,323.64356435400003
LFBO,TOULOUSE/BLAGNAC,9843.0,4.685478797,56.23,281.12872782
LFBO,TOULOUSE/BLAGNAC,11483.0,4.685478797,56.23,281.12872782
LFBP,PAU VZEIN,8202.0,4.9358208955,59.23,296.14925373
LFBT,TARBES LOURDES PYRENEES,9843.0,5.8966704937,70.76,353.800229622
LFBZ,BIARRITZ-BAYONNE,7382.0,3.5501572877,42.6,213.00943726199998
LFCK,CASTRES/MAZAMET,5988.0,3.7834394904,45.4,227.006369424
LFCR,RODEZ-MARCILLAC,6693.0,5.4217687075,65.06,325.30612245
LFGJ,DOLE TAVAUX,7318.0,3.9786096257,47.74,238.71657754199998
LFJL,,8202.0,4.0,48.0,240.0
LFKB,BASTIA,8266.0,4.4395513087,53.27,266.37307852199996
LFKC,CALVI STE CATHERINE,7579.0,3.2734499205,39.28,196.40699523
LFKF,FIGARI SUD CORSE,8136.0,4.2920930233,51.51,257.525581398
LFKJ,AJACCIO,7897.0,3.9470404984,47.36,236.822429904
LFLC,CLERMONT-FERRAND,2313.0,2.875,34.5,172.5
LFLC,CLERMONT-FERRAND,9885.0,2.875,34.5,172.5
LFLC,CLERMONT-FERRAND,2953.0,2.875,34.5,172.5
LFLB,,6628.0,4.0,48.0,240.0
LFLL,LYON/SARTOLAS,8760.0,5.5724241951,66.87,334.345451706
LFLL,LYON/SARTOLAS,13124.0,5.5724241951,66.87,334.345451706
LFLW,AURILLAC,5577.0,4.7091503268,56.51,282.549019608
LFMK,CARCASSONNE SALVAZA,6726.0,5.0013333333,60.02,300.079999998
LFLS,,10007.0,4.0,48.0,240.0
LFLX,,11483.0,4.0,48.0,240.0
LFML,MARSEILLE/PROVENCE,11483.0,5.1506361872,61.81,309.03817123199997
LFML,MARSEILLE/PROVENCE,7776.0,5.1506361872,61.81,309.03817123199997
LFMN,NICE,8622.0,4.6038381663,55.25,276.23028997800003
LFMN,NICE,9721.0,4.6038381663,55.25,276.23028997800003
LFMP,PERPIGNAN RIVESALTES,3560.0,6.2553407935,75.06,375.32044761000003
LFMP,PERPIGNAN RIVESALTES,8202.0,6.2553407935,75.06,375.32044761000003
LFMT,MONTPELLIER,8530.0,4.4772438342,53.73,268.63463005200003
LFMT,MONTPELLIER,3609.0,4.4772438342,53.73,268.63463005200003
LFMU,BEZIERS,5971.0,5.1539792388,61.85,309.23875432799997
LFOB,BEAUVAIS-TILLE,3625.0,5.1395220181,61.67,308.371321086
LFOB,BEAUVAIS-TILLE,7972.0,5.1395220181,61.67,308.371321086
LFOB,BEAUVAIS-TILLE,,5.1395220181,61.67,308.371321086
LFMV,,6168.0,4.0,48.0,240.0
LFOK,CHALONS VATRY,12664.0,5.6222222222,67.47,337.333333332
LFOT,TOURS ST SYMPHORIEN,7887.0,5.4912718204,65.9,329.476309224
LFPB,,7858.0,4.0,48.0,240.0
LFPB,,9813.0,4.0,48.0,240.0
LFPB,,6060.0,4.0,48.0,240.0
LFPG,PARIS/CHARLES-DE-GAULLE,13829.0,10.1088465228,121.31,606.530791368
LFPG,PARIS/CHARLES-DE-GAULLE,8858.0,10.1088465228,121.31,606.530791368
LFPG,PARIS/CHARLES-DE-GAULLE,8858.0,10.1088465228,121.31,606.530791368
LFPG,PARIS/CHARLES-DE-GAULLE,13780.0,10.1088465228,121.31,606.530791368
LFPO,PARIS/ORLY,7874.0,6.4361184035,77.23,386.16710421
LFPO,PARIS/ORLY,11975.0,6.4361184035,77.23,386.16710421
LFPO,PARIS/ORLY,10892.0,6.4361184035,77.23,386.16710421
LFQQ,LILLE/LESQUIN,5184.0,4.9180519785,59.02,295.08311871
LFQQ,LILLE/LESQUIN,9268.0,4.9180519785,59.02,295.08311871
LFRB,BREST-GUIPAVAS,2297.0,3.5480253535,42.58,212.88152121
LFRB,BREST-GUIPAVAS,10171.0,3.5480253535,42.58,212.88152121
LFRG,DEAUVILLE NORMANDIE,8366.0,5.7135416667,68.56,342.81250000200004
LFRK,CAEN CARPIQUET,3871.0,4.3269794721,51.92,259.618768326
LFRK,CAEN CARPIQUET,6233.0,4.3269794721,51.92,259.618768326
LFRK,CAEN CARPIQUET,2624.0,4.3269794721,51.92,259.618768326
LFRN,RENNES SAINT JACQUES,6890.0,4.0413864459,48.5,242.48318675399997
LFRN,RENNES SAINT JACQUES,2788.0,4.0413864459,48.5,242.48318675399997
LFRH,,5479.0,4.0,48.0,240.0
LFRH,,7884.0,4.0,48.0,240.0
LFRS,NANTES,9514.0,4.3980625931,52.78,263.883755586
LFSB,BASLE/MULHOUSE,5626.0,4.2636643058,51.16,255.819858348
LFSB,BASLE/MULHOUSE,12795.0,4.2636643058,51.16,255.819858348
LFST,STRASBOURG/ENTZHEIM,7874.0,4.8531707317,58.24,291.19024390199996
LFTH,HYERES LA PALYVESTRE,6955.0,6.8051823417,81.66,408.310940502
LFTH,HYERES LA PALYVESTRE,6240.0,6.8051823417,81.66,408.310940502
LFTM,,,4.0,48.0,240.0
LFTW,NIMES,8005.0,4.4514038877,53.42,267.084233262
LGAL,ALEXANDROUPOLIS / DIMOKRITOS,8471.0,4.9156626506,58.99,294.939759036
LGAV,ATHENS,12467.0,6.4185766789,77.02,385.114600734
LGAV,ATHENS,13123.0,6.4185766789,77.02,385.114600734
LGBL,N.ANCHIALOS,9052.0,6.2923976608,75.51,377.54385964799997
LGHI,CHIOS/ OMIROS,4957.0,4.1632373114,49.96,249.794238684
LGIK,IKARIA/ IKAROS,4551.0,4.00625,48.08,240.37499999999997
LGIO,IOANNINA/ KING PYRROS,7874.0,4.6675062972,56.01,280.050377832
LGIR,IRAKLION/NIKOS/KAZANTZAKIS,8904.0,4.1140630535,49.37,246.84378321
LGIR,IRAKLION/NIKOS/KAZANTZAKIS,5138.0,4.1140630535,49.37,246.84378321
LGIR,IRAKLION/NIKOS/KAZANTZAKIS,2559.0,4.1140630535,49.37,246.84378321
LGKC,KITHIRA/ALEXANDROS ARISTOTELOUS ONASSIS,4794.0,3.8563829787,46.28,231.38297872200002
LGKF,KEFALLINIA / ANNA POLLATOU,7992.0,4.9686670207,59.62,298.120021242
LGKJ,KASTELORIZO,2618.0,4.6369863014,55.64,278.219178084
LGKL,KALAMATA,8868.0,6.138225256,73.66,368.29351536
LGKO,KOS,7841.0,4.1845461365,50.21,251.07276818999998
LGKP,KARPATHOS,7871.0,5.0204778157,60.25,301.22866894199996
LGKR,IOANNIS/KAPODISTRIAS,7792.0,3.8756712585,46.51,232.54027551000001
LGKV,KAVALA / MEGAS ALEXANDROS,9844.0,4.6632522407,55.96,279.795134442
LGLE,LEROS,3320.0,3.9951219512,47.94,239.707317072
LGLM,LIMNOS / IFAISTOS,9895.0,5.1349325337,61.62,308.095952022
LGMK,MIKONOS,6240.0,3.9967199672,47.96,239.80319803199998
LGML,MILOS,3527.0,4.1481481481,49.78,248.888888886
LGMT,MITILINI,7894.0,3.8343949045,46.01,230.06369426999998
LGNX,NAXOS,2953.0,3.7665056361,45.2,225.99033816600002
LGPA,PAROS,4593.0,4.2008168822,50.41,252.04901293199998
LGPZ,PREVEZA / AKTION,9419.0,4.1890515595,50.27,251.34309357
LGRP,DIAGORAS,10846.0,5.1154696133,61.39,306.928176798
LGRX,ARAXOS,10999.0,6.1082251082,73.3,366.493506492
LGRX,ARAXOS,10997.0,6.1082251082,73.3,366.493506492
LGSA,KHANIA/SOUDA,10982.0,3.917004635,47.0,235.0202781
LGSK,SKIATHOS / ALEXANDROS PAPADIAMANDIS,5341.0,4.3927304965,52.71,263.56382979
LGSM,SAMOS / ARISTARCHOS OF SAMOS,6706.0,4.2166531932,50.6,252.999191592
LGSR,SANTORINI,7208.0,3.7881968107,45.46,227.291808642
LGSR,SANTORINI,,3.7881968107,45.46,227.291808642
LGST,SITIA/VITSENTZOS KORNAROS,6804.0,3.2405063291,38.89,194.430379746
LGSY,SKIROS,9849.0,3.4702702703,41.64,208.216216218
LGTS,MAKEDONIA,11286.0,4.8853640952,58.62,293.121845712
LGTS,MAKEDONIA,7907.0,4.8853640952,58.62,293.121845712
LGZA,ZAKINTHOS / DIONISIOS SOLOMOS,7310.0,3.904494382,46.85,234.26966292
LHBP,BUDAPEST/FERIHEGY,12162.0,5.8475627403,70.17,350.85376441799997
LHBP,BUDAPEST/FERIHEGY,9875.0,5.8475627403,70.17,350.85376441799997
LHDC,DEBRECEN,8196.0,7.0954545455,85.15,425.72727273
LHDC,DEBRECEN,8087.0,7.0954545455,85.15,425.72727273
LIBC,CROTONE,6562.0,4.3019390582,51.62,258.116343492
LIBD,BARI PALESE,9843.0,4.85794695,58.3,291.476817
LIBD,BARI PALESE,512.0,4.85794695,58.3,291.476817
LIBP,PESCARA,7933.0,4.3813559322,52.58,262.881355932
LIBR,BRINDISI CASALE,5892.0,5.2753139193,63.3,316.518835158
LIBR,BRINDISI CASALE,10000.0,5.2753139193,63.3,316.518835158
LICA,LAMEZIA TERME,9898.0,4.6151304348,55.38,276.90782608800004
LICB,COMISO,8070.0,3.8764302059,46.52,232.585812354
LICC,CATANIA FONTANAROSSA,7989.0,5.5973053892,67.17,335.838323352
LICD,LAMPEDUSA,5906.0,5.6595744681,67.91,339.57446808599997
LICG,PANTELLERIA,4003.0,5.4011976048,64.81,324.071856288
LICG,PANTELLERIA,5495.0,5.4011976048,64.81,324.071856288
LICJ,PALERMO PUNTA RAISI,6804.0,4.8504586019,58.21,291.027516114
LICJ,PALERMO PUNTA RAISI,10912.0,4.8504586019,58.21,291.027516114
LICR,REGGIO CALABRIA,5574.0,4.7408,56.89,284.448
LICR,REGGIO CALABRIA,6549.0,4.7408,56.89,284.448
LICT,TRAPANI BIRGI,8852.0,4.924,59.09,295.44
LIEA,ALGHERO,9843.0,4.7089971884,56.51,282.53983130399996
LIEE,CAGLIARI ELMAS,9196.0,4.4910515537,53.89,269.463093222
LIEO,OLBIA COSTA SMERALDA,9006.0,4.704874696,56.46,282.29248176
LIMC,MILAN/MALPENSA,12861.0,6.1881656805,74.26,371.28994083
LIMC,MILAN/MALPENSA,12861.0,6.1881656805,74.26,371.28994083
LIME,BERGAMO/ORIO ALSERIO,9429.0,3.9906177653,47.89,239.437065918
LIME,BERGAMO/ORIO ALSERIO,2343.0,3.9906177653,47.89,239.437065918
LIMF,TORINO/CASELLE,10827.0,5.9164677804,71.0,354.988066824
LIMJ,GENOVA SESTRI,9564.0,5.2925191816,63.51,317.551150896
LIML,MILAN/LINATE,8012.0,3.931844561,47.18,235.91067366000001
LIML,MILAN/LINATE,1972.0,3.931844561,47.18,235.91067366000001
LIMP,PARMA,6962.0,3.461038961,41.53,207.66233766
LIMZ,CUNEO/LEVALDIGI,6903.0,4.5211267606,54.25,271.267605636
LIPE,BOLOGNA,9196.0,4.4163307024,53.0,264.979842144
LIPH,TREVISO SAN ANGELO,7941.0,3.5884181889,43.06,215.305091334
LIPO,,9810.0,4.0,48.0,240.0
LIPQ,RONCHI DEI LEGIONARI,9843.0,4.0005356186,48.01,240.032137116
LIPR,RIMINI/MIRAMARE,9828.0,5.1606557377,61.93,309.639344262
LIPX,VERONA VILLAFRANCA,10064.0,4.3266504658,51.92,259.599027948
LIPY,ANCONA FALCONARA,9718.0,3.4413988658,41.3,206.48393194800002
LIPZ,VENICE/TESSERA,9121.0,5.3095307068,63.71,318.571842408
LIPZ,VENICE/TESSERA,10827.0,5.3095307068,63.71,318.571842408
LIRA,ROME/CIAMPINO,7226.0,5.487777953,65.85,329.26667718
LIRF,ROME/FIUMICINO,10849.0,8.9921871019,107.91,539.531226114
LIRF,ROME/FIUMICINO,11818.0,8.9921871019,107.91,539.531226114
LIRF,ROME/FIUMICINO,12801.0,8.9921871019,107.91,539.531226114
LIRF,ROME/FIUMICINO,12801.0,8.9921871019,107.91,539.531226114
LIRN,NAPOLI CAPODICHINO,8622.0,5.2977945656,63.57,317.867673936
LIRP,PISA SAN GIUSTO,9160.0,4.6650134771,55.98,279.90080862599996
LIRP,PISA SAN GIUSTO,9820.0,4.6650134771,55.98,279.90080862599996
LIRQ,FIRENZE/PERETOLA,5118.0,5.253359613,63.04,315.20157678
LIRZ,PERUGIA,7215.0,5.6699629172,68.04,340.19777503200004
LJLJ,LJUBLJANA,10827.0,3.6079545455,43.3,216.47727273
LJMB,,8202.0,4.0,48.0,240.0
LJMB,,3937.0,4.0,48.0,240.0
LKMT,OSTRAVA,11484.0,4.9623085984,59.55,297.738515904
LKPD,PARDUBICE,8203.0,3.8526315789,46.23,231.157894734
LKPR,PRAGUE/RUZYNE,6955.0,5.2951089373,63.54,317.706536238
LKPR,PRAGUE/RUZYNE,12189.0,5.2951089373,63.54,317.706536238
LKPR,PRAGUE/RUZYNE,10663.0,5.2951089373,63.54,317.706536238
LKTB,BRNO TURANY,2624.0,5.4850088183,65.82,329.100529098
LKTB,BRNO TURANY,8694.0,5.4850088183,65.82,329.100529098
LLBG,TEL AVIV/BEN GURION,9094.0,6.5787626547,78.95,394.725759282
LLBG,TEL AVIV/BEN GURION,13327.0,6.5787626547,78.95,394.725759282
LLBG,TEL AVIV/BEN GURION,10209.0,6.5787626547,78.95,394.725759282
LMML,MALTA/LUQA,7799.0,4.0855241265,49.03,245.13144759000002
LMML,MALTA/LUQA,11627.0,4.0855241265,49.03,245.13144759000002
LOWG,GRAZ,9842.0,2.7583113456,33.1,165.498680736
LOWG,GRAZ,2100.0,2.7583113456,33.1,165.498680736
LOWG,GRAZ,2493.0,2.7583113456,33.1,165.498680736
LOWI,INNSBRUCK,6562.0,3.3724373576,40.47,202.346241456
LOWK,KLAGENFURT,8924.0,3.2428571429,38.91,194.571428574
LOWK,KLAGENFURT,2427.0,3.2428571429,38.91,194.571428574
LOWL,LINZ,,4.8151658768,57.78,288.909952608
LOWL,LINZ,9843.0,4.8151658768,57.78,288.909952608
LOWL,LINZ,2165.0,4.8151658768,57.78,288.909952608
LOWS,SALZBURG,9022.0,4.4116920543,52.94,264.701523258
LOWW,VIENNA,11483.0,5.9180039684,71.02,355.080238104
LOWW,VIENNA,11811.0,5.9180039684,71.02,355.080238104
LPAZ,,334.0,4.0,48.0,240.0
LPAZ,,1004.0,4.0,48.0,240.0
LPAZ,,10000.0,4.0,48.0,240.0
LPFR,FARO,8169.0,4.7728408606,57.27,286.370451636
LPLA,LAJES TERCEIRA,10870.0,6.1523378582,73.83,369.140271492
LPMA,FUNCHAL,9110.0,3.9549315068,47.46,237.295890408
LPPD,PONTA DELGADA,8192.0,3.8133333333,45.76,228.799999998
LPPR,PORTO,11417.0,5.2431665026,62.92,314.589990156
LPPS,PORTO SANTO,,4.3465085639,52.16,260.79051383399997
LPPS,PORTO SANTO,9861.0,4.3465085639,52.16,260.79051383399997
LPPT,LISBON,12162.0,5.9556853499,71.47,357.34112099400005
LPPT,LISBON,7874.0,5.9556853499,71.47,357.34112099400005
LQBK,BANJA LUKA INTERNATIONAL AIRPORT,8202.0,4.0,48.0,240.0
LQSA,SARAJEVO,8666.0,4.3839584107,52.61,263.037504642
LQTZ,TUZLA,8152.0,7.7629427793,93.16,465.776566758
LRBC,BACAU/GEORGE ENESCU,8203.0,5.625,67.5,337.5
LRBM,BAIA MARE / MARAMURES,7054.0,7.7808988764,93.37,466.853932584
LRBS,,10499.0,4.0,48.0,240.0
LRCK,CONSTANTA,11483.0,6.3359375,76.03,380.15625
LRCL,CLUJ-NAPOCA/SOMESENI,6693.0,6.664199815,79.97,399.8519889
LRCL,CLUJ-NAPOCA/SOMESENI,,6.664199815,79.97,399.8519889
LRCV,CRAIOVA,8203.0,6.3094555874,75.71,378.567335244
LRIA,IASI,7874.0,6.4569399231,77.48,387.41639538600003
LROD,ORADEA,6890.0,6.7748851455,81.3,406.49310873
LROP,OTOPENI-INTL.,11484.0,8.4358561005,101.23,506.15136603
LROP,OTOPENI-INTL.,11484.0,8.4358561005,101.23,506.15136603
LRSB,SIBIU,8629.0,5.3166273585,63.8,318.99764151
LRSM,SATU MARE,8160.0,7.3349056604,88.02,440.094339624
LRSV,SUCEAVA/STEFAN CEL MARE - SUCEAVA,8070.0,6.6317119394,79.58,397.90271636399996
LRTM,TARGU MURES / TRANSILVANIA - TARGU MURES,6562.0,4.5738636364,54.89,274.43181818399995
LRTR,TIMISOARA/GIARMATA,11483.0,5.5280082988,66.34,331.68049792799997
LSGG,GENEVA,12795.0,3.951453479,47.42,237.08720874
LSGG,GENEVA,2700.0,3.951453479,47.42,237.08720874
LSZH,ZURICH,8202.0,5.2339598334,62.81,314.037590004
LSZH,ZURICH,10827.0,5.2339598334,62.81,314.037590004
LSZH,ZURICH,12139.0,5.2339598334,62.81,314.037590004
LTAC,ANKARA-ESENBOGA,12303.0,6.1257148491,73.51,367.542890946
LTAC,ANKARA-ESENBOGA,12303.0,6.1257148491,73.51,367.542890946
LTAF,ADANA-SAKIRPASA,9022.0,5.1756894791,62.11,310.541368746
LTAI,ANTALYA,11155.0,7.1185015521,85.42,427.110093126
LTAI,ANTALYA,11155.0,7.1185015521,85.42,427.110093126
LTAI,ANTALYA,9811.0,7.1185015521,85.42,427.110093126
LTAJ,GAZIANTEP,9843.0,5.9395760835,71.27,356.37456501
LTAJ,GAZIANTEP,9842.0,5.9395760835,71.27,356.37456501
LTAL,KASTAMONU,7382.0,4.7122302158,56.55,282.733812948
LTAN,KONYA,10984.0,4.7879269261,57.46,287.275615566
LTAN,KONYA,10984.0,4.7879269261,57.46,287.275615566
LTAP,AMASYA/MERZIFON,9600.0,9.0848484848,109.02,545.090909088
LTAR,SIVAS,12503.0,6.2037037037,74.44,372.22222222199997
LTAS,ZONGULDAK,6991.0,4.5231481481,54.28,271.38888888599996
LTAT,MALATYA-ERHAC,10990.0,7.5678610206,90.81,454.07166123599995
LTAU,KAYSERI,9841.0,3.8181818182,45.82,229.09090909199998
LTAW,TOKAT,5298.0,6.5977653631,79.17,395.865921786
LTAW,TOKAT,8858.0,6.5977653631,79.17,395.865921786
LTAY,DENIZLI/CARDAK,9842.0,4.9451327434,59.34,296.70796460400004
LTAZ,KAPADOKYA,9842.0,5.9600550964,71.52,357.603305784
LTBH,CANAKKALE,7710.0,4.4444444444,53.33,266.666666664
LTBJ,IZMIR-ADNAN-MENDERES,10630.0,4.5235463356,54.28,271.412780136
LTBJ,IZMIR-ADNAN-MENDERES,10630.0,4.5235463356,54.28,271.412780136
LTBR,BURSA/YENISEHIR,9818.0,4.1891891892,50.27,251.35135135200002
LTBR,BURSA/YENISEHIR,9818.0,4.1891891892,50.27,251.35135135200002
LTBS,MUGLA-DALAMAN,9842.0,5.1634378844,61.96,309.80627306400004
LTBU,,9844.0,4.0,48.0,240.0
LTBY,ANADOLU,8261.0,4.0081300813,48.1,240.487804878
LTBZ,ZAFER,9843.0,4.6928571429,56.31,281.57142857400004
LTCA,ELAZIG,9843.0,5.0279126214,60.33,301.67475728399995
LTCA,ELAZIG,9843.0,5.0279126214,60.33,301.67475728399995
LTCB,ORDU - GIRESUN,9848.0,4.3696043165,52.44,262.17625899
LTCC,DIYAR-BAKIR,11644.0,5.6550946799,67.86,339.305680794
LTCD,ERZINCAN/MIL,9842.0,4.3771186441,52.53,262.62711864600004
LTCD,ERZINCAN/MIL,5800.0,4.3771186441,52.53,262.62711864600004
LTCE,ERZURUM,3051.0,4.4126829268,52.95,264.76097560799997
LTCE,ERZURUM,12499.0,4.4126829268,52.95,264.76097560799997
LTCE,ERZURUM,12500.0,4.4126829268,52.95,264.76097560799997
LTCF,KARS,11483.0,5.3163064833,63.8,318.978388998
LTCG,TRABZON,8661.0,6.3026118283,75.63,378.156709698
LTCI,VAN,9022.0,4.1444141689,49.73,248.664850134
LTCJ,BATMAN,10000.0,4.7916666667,57.5,287.50000000200004
LTCK,MUS/SULTAN ALPARSLAN,11649.0,4.3860911271,52.63,263.165467626
LTCL,SIIRT,5905.0,4.6666666667,56.0,280.00000000200004
LTCM,SINOP,6482.0,4.9705882353,59.65,298.235294118
LTCN,KAHRAMANMARAS,7546.0,5.576142132,66.91,334.56852792
LTCO,AGRI,9843.0,4.6352941176,55.62,278.117647056
LTCP,ADIYAMAN,8212.0,4.2935779817,51.52,257.61467890200004
LTCR,MARDIN,8204.0,4.35375,52.25,261.22499999999997
LTCS,SANLIURFA/GAP,13123.0,4.0382513661,48.46,242.295081966
LTCT,IGDIR,9843.0,4.7711864407,57.25,286.271186442
LTCU,BINGOL,,4.9563318777,59.48,297.37991266200004
LTCV,SIRNAK/SERAFETTIN ELCI,9843.0,5.6048565121,67.26,336.291390726
LTCW,HAKKARI YUKSEKOVA,10499.0,3.6170212766,43.4,217.021276596
LTDA,ANTAKYA,9843.0,4.2793159609,51.35,256.758957654
LTFC,SÜLEYMAN DEMIREL INTERNATIONAL,9843.0,4.8461538462,58.15,290.769230772
LTFD,BALIKESIR KÖRFEZ,9842.0,4.525974026,54.31,271.55844156
LTFE,MILAS/BODRUM,9843.0,5.7297616703,68.76,343.785700218
LTFE,MILAS/BODRUM,9646.0,5.7297616703,68.76,343.785700218
LTFG,GAZIPASA - ALANYA,7710.0,3.3291262136,39.95,199.747572816
LTFH,SAMSUN,9843.0,5.8117573483,69.74,348.70544089799995
LTFJ,SABIHA GÖKÇEN,9843.0,5.0507933843,60.61,303.04760305800005
LTFJ,SABIHA GÖKÇEN,11614.0,5.0507933843,60.61,303.04760305800005
LTFM,ISTANBUL AIRPORT,12303.0,13.1401961778,157.68,788.411770668
LTFM,ISTANBUL AIRPORT,12303.0,13.1401961778,157.68,788.411770668
LTFM,ISTANBUL AIRPORT,13451.0,13.1401961778,157.68,788.411770668
LTFM,ISTANBUL AIRPORT,13451.0,13.1401961778,157.68,788.411770668
LTFM,ISTANBUL AIRPORT,10039.0,13.1401961778,157.68,788.411770668
LTFO,RIZE-ARTVIN,,5.1541057368,61.85,309.246344208
LUKK,KISHINEV,11778.0,5.8517490283,70.22,351.104941698
LUKK,KISHINEV,7818.0,5.8517490283,70.22,351.104941698
LWOH,ST PAUL THE APOSTLE-OHRID,8366.0,4.8061749571,57.67,288.370497426
LWSK,SKOPJE,9678.0,5.9073668855,70.89,354.44201313
LXGB,GIBRALTAR,6000.0,3.7737226277,45.28,226.423357662
LYBE,SURCIN-BEOGRAD,11155.0,6.1590587403,73.91,369.543524418
LYBE,SURCIN-BEOGRAD,11483.0,6.1590587403,73.91,369.543524418
LYNI,NIS,8202.0,5.2564491654,63.08,315.386949924
LYPG,PODGORICA,8202.0,4.1294466403,49.55,247.766798418
LYTV,TIVAT,8208.0,3.6981132075,44.38,221.88679245
LZIB,BRATISLAVA IVANKA,9515.0,4.745727241,56.95,284.74363446
LZIB,BRATISLAVA IVANKA,10466.0,4.745727241,56.95,284.74363446
LZKZ,KOSICE,10171.0,4.4972144847,53.97,269.832869082
MDLR,,9678.0,4.0,48.0,240.0
MDPC,PUNTA CANA,10171.0,7.7021677663,92.43,462.130065978
MDPC,PUNTA CANA,10171.0,7.7021677663,92.43,462.130065978
MDSD,SANTO DOMINGO INTL/L,11000.0,7.096969697,85.16,425.81818181999995
MKJS,MONTEGO BAY INTL/SAN,8735.0,6.3275362319,75.93,379.652173914
MMMX,MEXICO CITY,12966.0,9.959697733,119.52,597.58186398
MMMX,MEXICO CITY,12795.0,9.959697733,119.52,597.58186398
MMPR,,10171.0,4.0,48.0,240.0
MMUN,CANCUN INTL,9186.0,10.3040892193,123.65,618.245353158
MMUN,CANCUN INTL,11483.0,10.3040892193,123.65,618.245353158
MPTO,PANAMA,8800.0,6.3328,75.99,379.96799999999996
MPTO,PANAMA,10006.0,6.3328,75.99,379.96799999999996
MROC,SAN JOSE INTL/JUAN S,9882.0,5.509383378,66.11,330.56300268
MUHA,HABANA INTL/JOSE MAR,13123.0,6.003164557,72.04,360.18987341999997
MRLB,,9022.0,4.0,48.0,240.0
MUVR,,11490.0,4.0,48.0,240.0
OBBI,BAHRAIN-INTL,12979.0,5.7431034483,68.92,344.586206898
OBBI,BAHRAIN-INTL,8302.0,5.7431034483,68.92,344.586206898
OEDF,DAMMAN/KING FAHD INT,13124.0,6.4322580645,77.19,385.93548387
OEDF,DAMMAN/KING FAHD INT,13124.0,6.4322580645,77.19,385.93548387
OEJN,KING ABDULAZIZ INTERNATIONAL,13123.0,11.0501858736,132.6,663.011152416
OEJN,KING ABDULAZIZ INTERNATIONAL,13123.0,11.0501858736,132.6,663.011152416
OEJN,KING ABDULAZIZ INTERNATIONAL,12467.0,11.0501858736,132.6,663.011152416
OEMA,,14222.0,4.0,48.0,240.0
OEMA,,10039.0,4.0,48.0,240.0
OERK,RIYADH KING KHALID,13796.0,9.6,115.2,576.0
OERK,RIYADH KING KHALID,13796.0,9.6,115.2,576.0
OIFM,ESFAHAN / SHAHID BEHESHTI INTL,14425.0,7.9338842975,95.21,476.03305785
OIFM,ESFAHAN / SHAHID BEHESHTI INTL,14425.0,7.9338842975,95.21,476.03305785
OIIE,TEHRAN,13772.0,7.9388560158,95.27,476.331360948
OIIE,TEHRAN,13940.0,7.9388560158,95.27,476.331360948
OIMM,MASHHAD/SHAHID HASHEMI NEJAD INTL,12503.0,6.0502512563,72.6,363.015075378
OIMM,MASHHAD/SHAHID HASHEMI NEJAD INTL,12877.0,6.0502512563,72.6,363.015075378
OISS,SHIRAZ / SHAHID DASTGHAIB INTERNATIONAL,14345.0,6.3964497041,76.76,383.786982246
OISS,SHIRAZ / SHAHID DASTGHAIB INTERNATIONAL,14051.0,6.3964497041,76.76,383.786982246
OITT,TABRIZ INTL,11825.0,7.5515463918,90.62,453.09278350799997
OITT,TABRIZ INTL,11537.0,7.5515463918,90.62,453.09278350799997
OJAI,AMMAN/QUEEN ALIA,12008.0,6.6651182432,79.98,399.907094592
OJAI,AMMAN/QUEEN ALIA,12008.0,6.6651182432,79.98,399.907094592
OKBK,KUWAIT,11483.0,8.4948717949,101.94,509.69230769399996
OKBK,KUWAIT,11155.0,8.4948717949,101.94,509.69230769399996
OLBA,BEIRUT,12467.0,6.0982567353,73.18,365.895404118
OLBA,BEIRUT,11138.0,6.0982567353,73.18,365.895404118
OLBA,BEIRUT,10663.0,6.0982567353,73.18,365.895404118
OMAA,ABU DHABI INTL,13451.0,7.5471877979,90.57,452.83126787400005
OMAA,ABU DHABI INTL,13471.0,7.5471877979,90.57,452.83126787400005
OMDB,DUBAI,14275.0,9.6620289855,115.94,579.72173913
OMDB,DUBAI,14590.0,9.6620289855,115.94,579.72173913
OMDW,,14764.0,4.0,48.0,240.0
OMDW,,6030.0,4.0,48.0,240.0
OMSJ,,13320.0,4.0,48.0,240.0
OOMS,MUSCAT,13123.0,8.0033783784,96.04,480.20270270400005
OOMS,MUSCAT,13386.0,8.0033783784,96.04,480.20270270400005
OPIS,NEW ISLAMABAD INTERNATIONAL AIRPORT,12001.0,7.1651917404,85.98,429.911504424
OPIS,NEW ISLAMABAD INTERNATIONAL AIRPORT,12001.0,7.1651917404,85.98,429.911504424
OPKC,KARACHI/QUAID-E-AZAM,10500.0,8.5714285714,102.86,514.285714284
OPKC,KARACHI/QUAID-E-AZAM,11155.0,8.5714285714,102.86,514.285714284
OPLA,LAHORE,11024.0,8.0811688312,96.97,484.87012987199995
OPLA,LAHORE,9000.0,8.0811688312,96.97,484.87012987199995
ORBI,BAGHDAD INTERNATIONAL,13124.0,6.2892057026,75.47,377.352342156
ORBI,BAGHDAD INTERNATIONAL,10830.0,6.2892057026,75.47,377.352342156
ORER,ERBIL INTL AIRPORT,9197.0,6.44625,77.36,386.775
ORER,ERBIL INTL AIRPORT,4085.0,6.44625,77.36,386.775
ORER,ERBIL INTL AIRPORT,,6.44625,77.36,386.775
ORER,ERBIL INTL AIRPORT,15748.0,6.44625,77.36,386.775
ORMM,BASRA INTL,13124.0,5.2715231788,63.26,316.291390728
ORSU,SULAYMANIYAH INTL AIRPORT,11481.0,6.45,77.4,387.0
OTHH,NEW DOHA INTERNATIONAL,15912.0,7.4796747967,89.76,448.78048780200004
OTHH,NEW DOHA INTERNATIONAL,13944.0,7.4796747967,89.76,448.78048780200004
RCTP,TAIPEI/SUNGSHAN,12008.0,6.4962406015,77.95,389.77443609
RCTP,TAIPEI/SUNGSHAN,10991.0,6.4962406015,77.95,389.77443609
RJAA,NEW TOKYO,8202.0,10.300660793,123.61,618.0396475800001
RJAA,NEW TOKYO,13123.0,10.300660793,123.61,618.0396475800001
RJTT,TOKYO HANEDA,8200.0,7.5525291829,90.63,453.151750974
RJTT,TOKYO HANEDA,8200.0,7.5525291829,90.63,453.151750974
RJTT,TOKYO HANEDA,11024.0,7.5525291829,90.63,453.151750974
RJTT,TOKYO HANEDA,9843.0,7.5525291829,90.63,453.151750974
RKSI,SEOUL INCHEON,12303.0,10.3035460993,123.64,618.212765958
RKSI,SEOUL INCHEON,12303.0,10.3035460993,123.64,618.212765958
RKSI,SEOUL INCHEON,13123.0,10.3035460993,123.64,618.212765958
RKSI,SEOUL INCHEON,12303.0,10.3035460993,123.64,618.212765958
RPLL,MANILA,12261.0,11.7345132743,140.81,704.0707964579999
RPLL,MANILA,7408.0,11.7345132743,140.81,704.0707964579999
SAEZ,BUENOS AIRES/EZEIZA,10827.0,6.5561797753,78.67,393.37078651800005
SAEZ,BUENOS AIRES/EZEIZA,10187.0,6.5561797753,78.67,393.37078651800005
SBGL,RIO DE JANEIRO,13123.0,7.8773072747,94.53,472.638436482
SBGL,RIO DE JANEIRO,10433.0,7.8773072747,94.53,472.638436482
SBGR,SAO PAULO,12139.0,8.3052208835,99.66,498.31325301000004
SBGR,SAO PAULO,9843.0,8.3052208835,99.66,498.31325301000004
SBRF,RECIFE/GUARARAPES,9865.0,5.6775700935,68.13,340.65420561
SCEL,SANTIAGO ARTURO MERI,12303.0,9.437994723,113.26,566.2796833799999
SCEL,SANTIAGO ARTURO MERI,12303.0,9.437994723,113.26,566.2796833799999
SEQM,QUITO/MARISCAL SUCRE INTL,13445.0,5.9846491228,71.82,359.078947368
SKBO,BOGOTA INTL/ELDORADO,12467.0,6.72,80.64,403.2
SKBO,BOGOTA INTL/ELDORADO,12467.0,6.72,80.64,403.2
SOCA,CAYENNE ROCHAMBEAU,10486.0,5.8149466192,69.78,348.896797152
SPJC,LIMA INTL/PERU,,5.2045743329,62.45,312.274459974
SUMU,MONTEVIDEO/CARRASCO,7382.0,6.4184100418,77.02,385.10460250799997
SUMU,MONTEVIDEO/CARRASCO,10499.0,6.4184100418,77.02,385.10460250799997
SUMU,MONTEVIDEO/CARRASCO,5577.0,6.4184100418,77.02,385.10460250799997
SVMI,CARACAS MAIQUETIA,9930.0,8.9294117647,107.15,535.7647058819999
SVMI,CARACAS MAIQUETIA,11483.0,8.9294117647,107.15,535.7647058819999
TBPB,BRIDGETOWN,11000.0,4.0322580645,48.39,241.93548386999998
TFFF,FORT-DE-FRANCE LE LA,9843.0,4.4893111639,53.87,269.358669834
TFFR,POINTE-A-PITRE/LE RA,11499.0,6.5198135198,78.24,391.188811188
TLPL,,9003.0,4.0,48.0,240.0
TNCA,,9000.0,4.0,48.0,240.0
TNCB,,9449.0,4.0,48.0,240.0
TNCC,CURACAO INTL/AEROPOR,11188.0,4.5079646018,54.1,270.47787610800003
TNCM,ST MAARTEN/PRINSES,7546.0,5.8807017544,70.57,352.842105264
UAAA,ALMA ATA,14764.0,9.9951456311,119.94,599.708737866
UAAA,ALMA ATA,14436.0,9.9951456311,119.94,599.708737866
UACC,TSELINOGRAD,11484.0,6.6524663677,79.83,399.147982062
UATE,,10000.0,4.0,48.0,240.0
UATE,,9630.0,4.0,48.0,240.0
UBBB,BAKU,13123.0,7.0561609388,84.67,423.36965632799996
UBBB,BAKU,10499.0,7.0561609388,84.67,423.36965632799996
UBBG,,10827.0,4.0,48.0,240.0
UBBN,,10826.0,4.0,48.0,240.0
UBBN,,10826.0,4.0,48.0,240.0
UCFM,MANAS,,7.5786061588,90.94,454.71636952800003
UDYZ,YEREVAN,12631.0,4.80472103,57.66,288.2832618
UGKO,KOPITNARI,8202.0,8.1521008403,97.83,489.126050418
UGSB,BATUMI,8202.0,3.9946043165,47.94,239.67625898999998
UGTB,TBILISI,8202.0,7.104771274,85.26,426.28627644
UGTB,TBILISI,9843.0,7.104771274,85.26,426.28627644
UKBB,,13123.0,4.0,48.0,240.0
UKBB,,11483.0,4.0,48.0,240.0
UKHH,,7285.0,4.0,48.0,240.0
UKLL,,10843.0,4.0,48.0,240.0
UKOO,,1815.0,4.0,48.0,240.0
UKOO,,9186.0,4.0,48.0,240.0
UKOO,,2950.0,4.0,48.0,240.0
ULLI,SANKT-PETERBURG,11146.0,7.3363844394,88.04,440.18306636399996
ULLI,SANKT-PETERBURG,12402.0,7.3363844394,88.04,440.18306636399996
UMMS,,12139.0,4.0,48.0,240.0
UMMS,,11946.0,4.0,48.0,240.0
URRP,,11811.0,4.0,48.0,240.0
USSS,,8192.0,4.0,48.0,240.0
USSS,,9925.0,4.0,48.0,240.0
UTAK,,8202.0,4.0,48.0,240.0
UTAK,,11483.0,4.0,48.0,240.0
UTFF,,,4.0,48.0,240.0
UTNU,,11065.0,4.0,48.0,240.0
UTSB,,9843.0,4.0,48.0,240.0
UTSS,,10170.0,4.0,48.0,240.0
UTTT,TASHKENT,13123.0,9.0906040268,109.09,545.4362416079999
UTTT,TASHKENT,12812.0,9.0906040268,109.09,545.4362416079999
UUDD,MOSKVA/DOMODEDOVO,7776.0,10.9350775194,131.22,656.104651164
UUDD,MOSKVA/DOMODEDOVO,12448.0,10.9350775194,131.22,656.104651164
UUDD,MOSKVA/DOMODEDOVO,11483.0,10.9350775194,131.22,656.104651164
UUWW,MOSKVA/VNUKOVO,10039.0,9.5624838959,114.75,573.749033754
UUWW,MOSKVA/VNUKOVO,11483.0,9.5624838959,114.75,573.749033754
UWKD,KAZAN,12303.0,8.4943253468,101.93,509.659520808
UWKD,KAZAN,8196.0,8.4943253468,101.93,509.659520808
VABB,MUMBAI,11511.0,9.1107518189,109.33,546.645109134
VABB,MUMBAI,9419.0,9.1107518189,109.33,546.645109134
VGHS,DHAKA/ZIA INTL,,9.2597014925,111.12,555.58208955
VHHH,HONG KONG INTL,12467.0,10.2527075812,123.03,615.1624548719999
VHHH,HONG KONG INTL,12467.0,10.2527075812,123.03,615.1624548719999
VHHH,HONG KONG INTL,12467.0,10.2527075812,123.03,615.1624548719999
VIDP,DELHI,9229.0,12.0575408843,144.69,723.452453058
VIDP,DELHI,12500.0,12.0575408843,144.69,723.452453058
VIDP,DELHI,14436.0,12.0575408843,144.69,723.452453058
VIDP,DELHI,14534.0,12.0575408843,144.69,723.452453058
VOBL,BENGALARU,13123.0,7.412,88.94,444.71999999999997
VOBL,BENGALARU,13123.0,7.412,88.94,444.71999999999997
VRMM,MALE INTL/HULULE,11155.0,8.8992248062,106.79,533.9534883719999
VNKT,,10007.0,4.0,48.0,240.0
VOGO,,,4.0,48.0,240.0
VTBS,BANGKOK,12139.0,8.940625,107.29,536.4375
VTBS,BANGKOK,13123.0,8.940625,107.29,536.4375
VTSG,,9842.0,4.0,48.0,240.0
VTSP,,9843.0,4.0,48.0,240.0
VVTS,,10007.0,4.0,48.0,240.0
VVTS,,12468.0,4.0,48.0,240.0
WADD,,9790.0,4.0,48.0,240.0
WIII,JAKARTA/SOEKARNO HATTA,9843.0,11.8785046729,142.54,712.710280374
WIII,JAKARTA/SOEKARNO HATTA,11812.0,11.8785046729,142.54,712.710280374
WIII,JAKARTA/SOEKARNO HATTA,12008.0,11.8785046729,142.54,712.710280374
WMKK,KUALA LUMPUR,13530.0,8.884057971,106.61,533.04347826
WMKK,KUALA LUMPUR,13288.0,8.884057971,106.61,533.04347826
WMKK,KUALA LUMPUR,12993.0,8.884057971,106.61,533.04347826
WSSS,SINGAPORE/CHANGI,13123.0,6.9518486672,83.42,417.110920032
WSSS,SINGAPORE/CHANGI,13123.0,6.9518486672,83.42,417.110920032
WSSS,SINGAPORE/CHANGI,13123.0,6.9518486672,83.42,417.110920032
ZBAA,BEIJING,12500.0,10.96875,131.63,658.125
ZBAA,BEIJING,12500.0,10.96875,131.63,658.125
ZBAA,BEIJING,11302.0,10.96875,131.63,658.125
ZSPD,SHANGHAI PUDONG INTL,12467.0,11.5721153846,138.87,694.326923076
ZSPD,SHANGHAI PUDONG INTL,12467.0,11.5721153846,138.87,694.326923076
ZSPD,SHANGHAI PUDONG INTL,13123.0,11.5721153846,138.87,694.326923076
ZSPD,SHANGHAI PUDONG INTL,11154.0,11.5721153846,138.87,694.326923076
ZMCK,,11811.0,4.0,48.0,240.0
